{
    "loss": 50.82469177246094,
    "accuracy": 0.9969329237937927
}